{
  "token_acc": 0.9998017682,
  "tag_acc": 0.9744084473,
  "pos_acc": 0.9804807781,
  "morph_acc": 0.9072479665,
  "lemma_acc": 0.7342764075,
  "dep_uas": 0.9178436204,
  "dep_las": 0.896907139,
  "sents_p": 0.9472907443,
  "sents_r": 0.9579773579,
  "sents_f": 0.945051067,
  "speed": 11644.3619337466,
  "morph_per_feat": {
    "Case": {
      "p": 0.9124364458,
      "r": 0.9151938696,
      "f": 0.9138130776
    },
    "Definite": {
      "p": 0.9958965006,
      "r": 0.9964644161,
      "f": 0.9961803774
    },
    "Gender": {
      "p": 0.9268762027,
      "r": 0.9379939038,
      "f": 0.9324019133
    },
    "Number": {
      "p": 0.9680447651,
      "r": 0.9697938383,
      "f": 0.9689185123
    },
    "PronType": {
      "p": 0.9924371798,
      "r": 0.9895402578,
      "f": 0.9909866017
    },
    "Degree": {
      "p": 0.9745077356,
      "r": 0.967533601,
      "f": 0.9710081457
    },
    "VerbForm": {
      "p": 0.9557484196,
      "r": 0.9578009234,
      "f": 0.9567735707
    },
    "Mood": {
      "p": 0.9630681818,
      "r": 0.9555629249,
      "f": 0.9593008739
    },
    "Person": {
      "p": 0.9756674082,
      "r": 0.969198895,
      "f": 0.9724223947
    },
    "Tense": {
      "p": 0.9659624413,
      "r": 0.9584095824,
      "f": 0.96217119
    },
    "Reflex": {
      "p": 1.0,
      "r": 0.9928909953,
      "f": 0.9964328181
    },
    "Poss": {
      "p": 0.9958847737,
      "r": 1.0,
      "f": 0.9979381443
    },
    "Foreign": {
      "p": 0.6111111111,
      "r": 0.1105527638,
      "f": 0.1872340426
    }
  },
  "dep_las_per_type": {
    "cp": {
      "p": 0.9614678899,
      "r": 0.957952468,
      "f": 0.9597069597
    },
    "nk": {
      "p": 0.9736874113,
      "r": 0.9780094478,
      "f": 0.975843644
    },
    "sb": {
      "p": 0.907745866,
      "r": 0.9147517979,
      "f": 0.9112353661
    },
    "ag": {
      "p": 0.9460625674,
      "r": 0.9695964621,
      "f": 0.9576849577
    },
    "mnr": {
      "p": 0.7299836601,
      "r": 0.7511559479,
      "f": 0.7404184794
    },
    "mo": {
      "p": 0.7780769998,
      "r": 0.7890956909,
      "f": 0.7835476095
    },
    "oc": {
      "p": 0.8991769547,
      "r": 0.9208308248,
      "f": 0.9098750744
    },
    "root": {
      "p": 0.9740451572,
      "r": 0.9539160984,
      "f": 0.9638755481
    },
    "rc": {
      "p": 0.6789838337,
      "r": 0.6591928251,
      "f": 0.6689419795
    },
    "op": {
      "p": 0.7011070111,
      "r": 0.566318927,
      "f": 0.6265457543
    },
    "pm": {
      "p": 0.9885386819,
      "r": 0.9913793103,
      "f": 0.9899569584
    },
    "nmc": {
      "p": 0.9793977813,
      "r": 0.9763033175,
      "f": 0.9778481013
    },
    "oa": {
      "p": 0.8470282559,
      "r": 0.8601583113,
      "f": 0.8535427917
    },
    "pd": {
      "p": 0.8192,
      "r": 0.7529411765,
      "f": 0.7846743295
    },
    "ep": {
      "p": 0.8682170543,
      "r": 0.8421052632,
      "f": 0.8549618321
    },
    "cd": {
      "p": 0.8712613784,
      "r": 0.8656330749,
      "f": 0.8684381076
    },
    "cj": {
      "p": 0.841522158,
      "r": 0.8614398422,
      "f": 0.8513645224
    },
    "svp": {
      "p": 0.9346534653,
      "r": 0.9076923077,
      "f": 0.9209756098
    },
    "pg": {
      "p": 0.8395061728,
      "r": 0.8662420382,
      "f": 0.8526645768
    },
    "da": {
      "p": 0.7730496454,
      "r": 0.5547073791,
      "f": 0.6459259259
    },
    "app": {
      "p": 0.6490066225,
      "r": 0.6599326599,
      "f": 0.6544240401
    },
    "ac": {
      "p": 0.9615384615,
      "r": 0.8547008547,
      "f": 0.9049773756
    },
    "pnc": {
      "p": 0.8234519104,
      "r": 0.8116883117,
      "f": 0.8175277959
    },
    "ju": {
      "p": 0.9306930693,
      "r": 0.9494949495,
      "f": 0.94
    },
    "ng": {
      "p": 0.7862796834,
      "r": 0.7925531915,
      "f": 0.7894039735
    },
    "re": {
      "p": 0.7304964539,
      "r": 0.6130952381,
      "f": 0.6666666667
    },
    "par": {
      "p": 0.4696969697,
      "r": 0.3039215686,
      "f": 0.369047619
    },
    "cm": {
      "p": 0.8904761905,
      "r": 0.8990384615,
      "f": 0.8947368421
    },
    "cc": {
      "p": 0.7118644068,
      "r": 0.6331658291,
      "f": 0.670212766
    },
    "sbp": {
      "p": 0.8411214953,
      "r": 0.775862069,
      "f": 0.8071748879
    },
    "uc": {
      "p": 0.8888888889,
      "r": 0.2666666667,
      "f": 0.4102564103
    },
    "cvc": {
      "p": 0.8070175439,
      "r": 0.582278481,
      "f": 0.6764705882
    },
    "ams": {
      "p": 0.7647058824,
      "r": 0.7647058824,
      "f": 0.7647058824
    },
    "og": {
      "p": 0.4,
      "r": 0.2857142857,
      "f": 0.3333333333
    },
    "rs": {
      "p": 0.6666666667,
      "r": 0.3225806452,
      "f": 0.4347826087
    },
    "ph": {
      "p": 0.75,
      "r": 0.4285714286,
      "f": 0.5454545455
    },
    "dep": {
      "p": 0.0,
      "r": 0.0,
      "f": 0.0
    },
    "dm": {
      "p": 0.0,
      "r": 0.0,
      "f": 0.0
    },
    "oa2": {
      "p": 0.0,
      "r": 0.0,
      "f": 0.0
    },
    "vo": {
      "p": 0.0,
      "r": 0.0,
      "f": 0.0
    },
    "adc": {
      "p": 0.6,
      "r": 1.0,
      "f": 0.75
    }
  },
  "ents_p": 0.8324314774,
  "ents_r": 0.8172957032,
  "ents_f": 0.8247941571,
  "ents_per_type": {
    "LOC": {
      "p": 0.8518677749,
      "r": 0.8541731529,
      "f": 0.8530189063
    },
    "PER": {
      "p": 0.8605517241,
      "r": 0.8848390299,
      "f": 0.8725263968
    },
    "MISC": {
      "p": 0.7825422198,
      "r": 0.7029152881,
      "f": 0.7405945804
    },
    "ORG": {
      "p": 0.7760420818,
      "r": 0.7318851473,
      "f": 0.7533170864
    }
  }
}